"","id","name"
"1",100644,"Alexander Zverev"
"2",100754,"Rafael Avalos Brenes"
"3",100943,"Girts Dzelde"
"4",100997,"Roger Smith"
"5",101086,"Ronald Agenor"
"6",101150,"Gianluca Pozzi"
"7",101167,"Jaime Cortes"
"8",101185,"Mark Woodforde"
"9",101191,"Richey Reneberg"
"10",101235,"Paul Haarhuis"
"11",101263,"Luke Jensen"
"12",101316,"Juan Rios"
"13",101320,"Magnus Gustafsson"
"14",101373,"Karsten Braasch"
"15",101382,"Marcelo Filippini"
"16",101404,"Thomas Muster"
"17",101416,"Joao Cunha Silva"
"18",101439,"Javier Sanchez"
"19",101463,"Bernd Karbacher"
"20",101495,"Miguel Tobon"
"21",101532,"Francisco Clavet"
"22",101543,"Jeff Tarango"
"23",101609,"David Wheaton"
"24",101611,"Cedric Pioline"
"25",101638,"Sean Karam"
"26",101647,"Byron Black"
"27",101651,"Owen Casey"
"28",101662,"Selvam Veerasingam"
"29",101675,"Martin Rodriguez"
"30",101703,"Guillaume Raoux"
"31",101711,"Alex Obrien"
"32",101717,"Diego Nargiso"
"33",101723,"Magnus Larsson"
"34",101727,"Jason Stoltenberg"
"35",101731,"Nuno Marques"
"36",101733,"Jan Siemerink"
"37",101735,"Richard Fromberg"
"38",101736,"Andre Agassi"
"39",101746,"Renzo Furlan"
"40",101750,"Cristiano Caratti"
"41",101761,"Jaime Oncins"
"42",101772,"Andrei Cherkasov"
"43",101774,"Todd Martin"
"44",101775,"Frederik Fetterlein"
"45",101779,"Pavel Vizner"
"46",101790,"Elmar Gerth"
"47",101792,"Slava Dosedel"
"48",101793,"Jim Courier"
"49",101806,"Marc Kevin Goellner"
"50",101810,"Asif Ismail"
"51",101820,"Marc Rosset"
"52",101821,"Peter Tramacchi"
"53",101825,"Manuel Tejada"
"54",101826,"Alex Lopez Moron"
"55",101831,"Mustafa Azkara"
"56",101833,"Michael Tebbutt"
"57",101840,"Jacobo Chavez"
"58",101843,"Sergi Bruguera"
"59",101855,"Emmanuel Heussner"
"60",101862,"Maurice Ruah"
"61",101868,"Dick Norman"
"62",101869,"Juan Luis Tati Rascon"
"63",101871,"Alexander Reichel"
"64",101885,"Wayne Arthurs"
"65",101888,"Daniel Vacek"
"66",101889,"Todd Woodbridge"
"67",101890,"Jonathan Stark"
"68",101895,"Michael Brown B395"
"69",101897,"Fernando Meligeni"
"70",101900,"Nicklas Kulti"
"71",101902,"Stephane Huet"
"72",101917,"Grant Stafford"
"73",101924,"Stefano Pescosolido"
"74",101932,"Jared Palmer"
"75",101937,"Robbie Koenig"
"76",101938,"Bernardo Mota"
"77",101939,"Erhan Oral"
"78",101940,"Rene Busch"
"79",101945,"Thierry Guardiola"
"80",101947,"Vincenzo Santopadre"
"81",101948,"Pete Sampras"
"82",101956,"Mark Knowles"
"83",101957,"Milen Velev"
"84",101962,"Younes El Aynaoui"
"85",101964,"Goran Ivanisevic"
"86",101965,"Wayne Ferreira"
"87",101969,"Orlin Stanoytchev"
"88",101970,"Iztok Bozic"
"89",101976,"Federico Dondo"
"90",101979,"Ricardo Mena"
"91",101989,"Patrik Langvardt"
"92",101990,"Richard Krajicek"
"93",101991,"Mauricio Hadad"
"94",101996,"David Mullins"
"95",101997,"Marzio Martelli"
"96",102021,"Michael Chang"
"97",102023,"Petr Luxa"
"98",102024,"Hernan Gumy"
"99",102025,"Mikael Tillstrom"
"100",102029,"Filip Dewulf"
"101",102033,"Abdelhak Hameurlaine"
"102",102035,"Jonas Bjorkman"
"103",102036,"Marco Osorio"
"104",102053,"Brian Macphie"
"105",102055,"Bertrand Madsen"
"106",102061,"Kevin Ullyett"
"107",102076,"Mark Merklein"
"108",102077,"Alexander Shvec"
"109",102086,"Igor Kornienko"
"110",102087,"Oleg Ogorodov"
"111",102093,"Martin Damm"
"112",102097,"Naratorn Srichaphan"
"113",102100,"Bartlomiej Dabrowski"
"114",102103,"Michael Sell"
"115",102104,"Christian Ruud"
"116",102106,"Davide Sanguinetti"
"117",102107,"Jan Frode Andersen"
"118",102110,"Daniel Nestor"
"119",102118,"Radomir Vasek"
"120",102131,"Alistair Hunt"
"121",102133,"Laurence Tieleman"
"122",102135,"Emilio Benfele Alvarez"
"123",102139,"Eyal Ran"
"124",102143,"Nicolas Thomann"
"125",102145,"Francisco Cabello"
"126",102148,"Fabrice Santoro"
"127",102153,"German Puentes"
"128",102154,"Marcos Ondruska"
"129",102158,"Patrick Rafter"
"130",102162,"Chris Woodruff"
"131",102165,"Srinath Prahlad"
"132",102167,"Juan Albert Viloca Puig"
"133",102168,"Hector Moretti"
"134",102169,"Michael Joyce"
"135",102179,"Antony Dupuis"
"136",102184,"David Prinosil"
"137",102192,"Luis Adrian Morejon"
"138",102198,"Paul Kilderry"
"139",102201,"Lionel Roux"
"140",102202,"Kenneth Carlsen"
"141",102205,"Sebastien Lareau"
"142",102207,"Jan Weinzierl"
"143",102214,"Oscar Ortiz"
"144",102215,"Joshua Eagle"
"145",102223,"Karim Alami"
"146",102227,"Sargis Sargsian"
"147",102231,"Alex Calatrava"
"148",102233,"Leander Paes"
"149",102234,"Oliver Gross"
"150",102238,"Alberto Berasategui"
"151",102239,"Francisco Costa"
"152",102243,"Marcelo Charpentier"
"153",102247,"Andrea Gaudenzi"
"154",102250,"Emanuel Couto"
"155",102251,"Mariano Hood"
"156",102254,"Ouassel Hared"
"157",102257,"Greg Rusedski"
"158",102259,"Jerome Golmard"
"159",102263,"Yong Il Yoon"
"160",102267,"Gwinyai Tongoona"
"161",102269,"Jeff Salzenstein"
"162",102271,"Hicham Arazi"
"163",102277,"Bing Chao Lin"
"164",102282,"Tetsuya Chaen"
"165",102283,"Yari Bernardo"
"166",102285,"Nasser Ghanim Al Khulaifi"
"167",102286,"Wayne Black"
"168",102287,"Albert Portas"
"169",102300,"Gouichi Motomura"
"170",102306,"Michael Kohlmann"
"171",102310,"Seung Bok Baek"
"172",102318,"Andrei Pavel"
"173",102320,"Lazaro Navarro Batles"
"174",102331,"Ilou Lonfo"
"175",102335,"Taso Vasiliadis"
"176",102338,"Yevgeny Kafelnikov"
"177",102344,"Karol Kucera"
"178",102347,"Dmitri Tomashevich"
"179",102358,"Thomas Enqvist"
"180",102362,"Amro Ghoneim"
"181",102369,"Julien Boutter"
"182",102374,"Alex Corretja"
"183",102375,"Dinu Pescariu"
"184",102381,"Werner Eschauer"
"185",102382,"Julian Knowle"
"186",102388,"Simon Aspelin"
"187",102395,"Ville Liukko"
"188",102401,"Scott Draper"
"189",102405,"Mahesh Bhupathi"
"190",102406,"Thomas Dupre"
"191",102410,"David Caldwell"
"192",102422,"Michael Hill"
"193",102425,"Niko Karagiannis"
"194",102433,"Mose Navarra"
"195",102434,"Vincent Spadea"
"196",102437,"Adrian Voinea"
"197",102443,"Barry Cowan"
"198",102444,"Scott Barron"
"199",102446,"Andrei Medvedev"
"200",102448,"Ali Hamadeh"
"201",102450,"Tim Henman"
"202",102455,"Lorenzo Manta"
"203",102456,"Felix Mantilla"
"204",102457,"Miles Maclagan"
"205",102458,"Jim Thomas"
"206",102463,"Lucas Arnold Ker"
"207",102464,"Todd Larkham"
"208",102466,"Jan Kroslak"
"209",102467,"Fazaluddin Syed"
"210",102469,"Solon Peppas"
"211",102472,"Marcello Craca"
"212",102473,"Thomas Schiessling"
"213",102477,"Gaston Etlis"
"214",102494,"Tomas Behrend"
"215",102496,"Scott Willinsky"
"216",102497,"Mashiska Washington"
"217",102501,"Johan Landsberg"
"218",102502,"Paul Harsanyi"
"219",102512,"Joseph Sirianni"
"220",102520,"Olivier Malcor"
"221",102521,"Hendrik Dreekmann"
"222",102524,"Neville Godwin"
"223",102528,"Carlos Drada"
"224",102529,"Thomas Shimada"
"225",102533,"Jens Knippschild"
"226",102536,"James Greenhalgh"
"227",102537,"Melvin Tong"
"228",102538,"Tuomas Ketola"
"229",102539,"Bohdan Ulihrach"
"230",102543,"Chia Yen Tsai"
"231",102544,"Pablo Bianchi"
"232",102545,"Pedro Braga"
"233",102548,"Juan Antonio Marin"
"234",102549,"Rolandas Murashka"
"235",102552,"Baris Ergun"
"236",102554,"Diego Moyano"
"237",102556,"Claude Ngoran"
"238",102557,"Daniel Willman"
"239",102558,"Eric Taino"
"240",102562,"Jiri Novak"
"241",102563,"Thomas Johansson"
"242",102565,"Alexander Waske"
"243",102567,"George Bastl"
"244",102571,"Gregory Carraz"
"245",102572,"Igor Gaudi"
"246",102574,"Gabriel Trifu"
"247",102585,"Sebastian Prieto"
"248",102595,"Helge Koll"
"249",102600,"David Miketa"
"250",102603,"Melvyn Op Der Heijde"
"251",102607,"Juan Balcells"
"252",102610,"Albert Costa"
"253",102615,"Dennis Van Scheppingen"
"254",102617,"Kim Tiilikainen"
"255",102623,"Thomas Larsen"
"256",102629,"Oscar Burrieza"
"257",102630,"Slimane Saoudi"
"258",102642,"Cyril Saulnier"
"259",102644,"Franco Squillari"
"260",102647,"Alberto Brause"
"261",102650,"Roberto Carretero"
"262",102652,"Christian Vinck"
"263",102655,"Jimy Szymanski"
"264",102667,"Satoshi Iwabuchi"
"265",102668,"Tapio Nurminen"
"266",102669,"Noam Behr"
"267",102687,"Herbert Wiltschnig"
"268",102689,"Martin Spottl"
"269",102693,"Leonardo Olguin"
"270",102694,"Lars Burgsmuller"
"271",102696,"Guillaume Couillard"
"272",102701,"Marcelo Rios"
"273",102702,"Relja Fiser Dulic"
"274",102703,"Hyung Taik Lee"
"275",102713,"Jing Zhu Yang"
"276",102714,"Ekkarin Pisuth Arnonth"
"277",102715,"Ignacio Hirigoyen"
"278",102720,"Tomas Zib"
"279",102722,"Attila Savolt"
"280",102725,"Kasper Warming"
"281",102730,"Ivo Heuberger"
"282",102734,"Lior Mor"
"283",102735,"Cedric Kauffmann"
"284",102737,"Gergely Kisgyorgy"
"285",102738,"Stefano Tarallo"
"286",102740,"Francisco Rodriguez"
"287",102743,"Ben Ellwood"
"288",102751,"Todd Perry"
"289",102753,"Wolfgang Schranz"
"290",102755,"Alex Witt"
"291",102756,"Eduardo Rincon"
"292",102763,"Benjamin Cassaigne"
"293",102765,"Nicolas Escude"
"294",102768,"Federico Browne"
"295",102770,"John Van Lottum"
"296",102772,"Yu Zhang"
"297",102776,"Andrew Ilie"
"298",102780,"Frederic Niemeyer"
"299",102783,"Rainer Schuettler"
"300",102785,"Glenn Weiner"
"301",102788,"Jan Vacek"
"302",102789,"Jay Gooding"
"303",102795,"Scott Humphries"
"304",102796,"Magnus Norman"
"305",102800,"Nenad Zimonjic"
"306",102802,"Gunther Darkey"
"307",102805,"Matthew Breen"
"308",102808,"Kalle Flygt"
"309",102809,"Axel Pretzsch"
"310",102811,"Dusan Vemic"
"311",102812,"Jicham Zaatini"
"312",102814,"Iurie Gorban"
"313",102817,"Edwin Kempes"
"314",102821,"Cecil Mamiit"
"315",102826,"Muhammad Khaliq Siddiq"
"316",102830,"Paulo Carvallo"
"317",102831,"Jacobo Diaz"
"318",102832,"Andrian Raturandang"
"319",102834,"Paul Goldstein"
"320",102835,"Luke Milligan"
"321",102836,"Rogier Wassen"
"322",102839,"Nicolas Lapentti"
"323",102843,"Suwandi Suwandi"
"324",102845,"Carlos Moya"
"325",102851,"Giorgio Galimberti"
"326",102854,"Sjeng Schalken"
"327",102855,"Jack Brasington"
"328",102856,"Gustavo Kuerten"
"329",102860,"Agustin Calleri"
"330",102863,"Takao Suzuki"
"331",102864,"Frank Moser"
"332",102865,"Doug Bohaboy"
"333",102868,"Jonathan Printzlau"
"334",102869,"Galo Blanco"
"335",102872,"James Sekulov"
"336",102873,"Rob Cheyne"
"337",102875,"Luke Smith"
"338",102880,"Alexander Popp"
"339",102881,"David Skoch"
"340",102882,"Mark Philippoussis"
"341",102885,"Vishal Uppal"
"342",102886,"Frantisek Cermak"
"343",102887,"Ramon Delgado"
"344",102889,"Hee Sung Chung"
"345",102902,"Thomas Blake"
"346",102904,"Leos Friedl"
"347",102905,"Stefan Koubek"
"348",102910,"Salvador Navarro"
"349",102911,"Andrei Stoliarov"
"350",102918,"Efe Ustundag"
"351",102921,"Ota Fukarek"
"352",102925,"Justin Gimelstob"
"353",102928,"Hee Seok Chung"
"354",102934,"Nicolas Coutelot"
"355",102938,"Alejandro Olivera"
"356",102942,"Vladimir Pavicevic"
"357",102944,"Stefano Cobolli"
"358",102945,"Luke Bourgeois"
"359",102948,"Oliver Freelove"
"360",102950,"Fernando Vicente"
"361",102956,"Sultan Khalfan"
"362",102957,"Vadim Kutsenko"
"363",102959,"Marko Tkalec"
"364",102961,"Nicklas Timfjord"
"365",102963,"Robert Lindstedt"
"366",102965,"Jamie Delgado"
"367",102966,"Fredrik Jonsson"
"368",102967,"Marc Gicquel"
"369",102968,"Jonathan Erlich"
"370",102969,"Sergei Yaroshenko"
"371",102971,"Christophe Bosio"
"372",102978,"Zbynek Mlynarik"
"373",102979,"Jeff Coetzee"
"374",102982,"Yaoki Ishii"
"375",102983,"Henrik Andersson"
"376",102984,"Martin Garcia"
"377",102985,"Gustavo Marcaccio"
"378",102987,"Andre Sa"
"379",102997,"Hermes Gamonal"
"380",102998,"Jan Michael Gambill"
"381",102999,"Stefano Galvani"
"382",103003,"Jean Francois Bachelot"
"383",103007,"Mounir El Aarej"
"384",103009,"Razvan Sabau"
"385",103015,"Daniel Melo"
"386",103017,"Nicolas Kiefer"
"387",103018,"Max Mirnyi"
"388",103020,"Guillermo Carter"
"389",103029,"Mehdi Tahiri"
"390",103031,"Julian Alonso"
"391",103032,"Francisco Fogues"
"392",103033,"Helder Lopes"
"393",103035,"Alessio Di Mauro"
"394",103037,"Andrew Carlson"
"395",103039,"Tripp Phillips"
"396",103043,"Coenie Van Wyk"
"397",103045,"Reginald Willems"
"398",103046,"Janne Ojala"
"399",103047,"Julien Varlet"
"400",103050,"Shahab Hassani Nafez"
"401",103052,"Mariano Delfino"
"402",103053,"Nikos Rovas"
"403",103060,"Alejandro Hernandez"
"404",103061,"Jan Boruszewski"
"405",103063,"Sebastien De Chaunac"
"406",103065,"Kepler Orellana"
"407",103066,"Mark Nielsen"
"408",103068,"Chemseddine Belal"
"409",103070,"Christophe Pognon"
"410",103076,"Justin Oneal"
"411",103077,"Konstantinos Economidis"
"412",103080,"Paul Hanley"
"413",103082,"Markus Hantschk"
"414",103084,"Guillermo Canas"
"415",103092,"Nuno Matias"
"416",103096,"Arnaud Clement"
"417",103097,"Trevor Spracklin"
"418",103102,"John Hui"
"419",103103,"Dominik Hrbaty"
"420",103104,"Bjorn Rehnquist"
"421",103105,"Ruben Ramirez Hidalgo"
"422",103109,"Talal Ouahabi"
"423",103110,"Daniele Bracciali"
"424",103114,"Martin Lee"
"425",103118,"Ion Moldovan"
"426",103125,"Joan Jimenez Guerra"
"427",103130,"Louis Vosloo"
"428",103131,"Michihisa Onoda"
"429",103133,"Olivier Mutis"
"430",103142,"Mohamed Wafa"
"431",103145,"Amir Hadad"
"432",103149,"Mathias Hellstrom"
"433",103151,"Mariano Zabaleta"
"434",103153,"Gilles Elseneer"
"435",103154,"Jaymon Crabb"
"436",103155,"Ivo Bratanov"
"437",103157,"Arvind Parmar"
"438",103158,"Johan Ortegren"
"439",103162,"Dejan Petrovic"
"440",103163,"Tommy Haas"
"441",103165,"Gorka Fraile"
"442",103166,"Vladimir Voltchkov"
"443",103169,"Oscar Hernandez"
"444",103171,"Raemon Sluiter"
"445",103174,"Noam Okun"
"446",103175,"Toshihide Matsui"
"447",103176,"David Sanchez"
"448",103178,"Johan Settergren"
"449",103181,"Jiri Vanek"
"450",103182,"Markus Hipfl"
"451",103184,"Bob Bryan"
"452",103185,"Mike Bryan"
"453",103187,"Hisham Hemeda"
"454",103188,"Michael Russell"
"455",103193,"Peter Wessels"
"456",103197,"John Doran"
"457",103198,"Justin Bower"
"458",103201,"Adrian Garcia"
"459",103202,"Oscar Serrano"
"460",103204,"Hugo Armando"
"461",103205,"Emilio Daniel Baez Britez"
"462",103206,"Sebastien Grosjean"
"463",103209,"Leonardo Azzaro"
"464",103216,"Clemens Trimmel"
"465",103220,"Oh Hee Kwon"
"466",103225,"Simon Larose"
"467",103226,"Walid Jallali"
"468",103227,"Mariano Sanchez"
"469",103228,"Marcos Daniel"
"470",103229,"Kornel Bardoczky"
"471",103230,"Tasuku Iwami"
"472",103238,"Jean Claude Scherrer"
"473",103239,"Marcus Sarstrand"
"474",103240,"Kevin Kim"
"475",103242,"Juan Giner"
"476",103248,"Harel Levy"
"477",103250,"Rodolphe Cadart"
"478",103252,"Alberto Martin"
"479",103254,"Yves Allegro"
"480",103256,"Ivan Vajda"
"481",103264,"Mariano Puerta"
"482",103270,"Kristian Capalik"
"483",103273,"Dong Hyun Kim"
"484",103280,"Martin Verkerk"
"485",103281,"Ladislav Svarc"
"486",103282,"Tiago Sousa"
"487",103285,"Radek Stepanek"
"488",103286,"Yohny Romero"
"489",103287,"Krystian Pfeiffer"
"490",103290,"Radim Zitko"
"491",103292,"Gaston Gaudio"
"492",103294,"Christophe Rochus"
"493",103296,"Ivaylo Traykov"
"494",103297,"Alex Kim"
"495",103305,"Daniel Elsner"
"496",103316,"Victor Romero"
"497",103317,"Gabor Jaross"
"498",103318,"Zeljko Krajan"
"499",103319,"Jeff Morrison"
"500",103324,"Arnaud Di Pasquale"
"501",103325,"Wesley Moodie"
"502",103328,"Andres Pedroso"
"503",103333,"Ivo Karlovic"
"504",103334,"Ronaldo Carvalho"
"505",103337,"Ben Qiang Zhu"
"506",103339,"Wesley Whitehouse"
"507",103342,"Miha Gregorc"
"508",103344,"Ivan Ljubicic"
"509",103348,"Timo Fleischfresser"
"510",103350,"Denis Golovanov"
"511",103353,"Ingo Neumuller"
"512",103356,"Michel Kratochvil"
"513",103358,"Nicolas Todero"
"514",103363,"Diego Ayala"
"515",103365,"Javier Garcia Sintes"
"516",103369,"Melle Van Gemerden"
"517",103371,"Emin Agaev"
"518",103373,"Sergio Roitman"
"519",103377,"Seung Hoon Lee"
"520",103381,"Andy Fahlke"
"521",103385,"Paul Baccanello"
"522",103387,"Paradorn Srichaphan"
"523",103393,"Yuri Schukin"
"524",103395,"Julio Silva"
"525",103397,"Alexandre Simoni"
"526",103400,"Hendri Susilo Pramono"
"527",103401,"Jan Hernych"
"528",103402,"Peter Clarke"
"529",103403,"Takahiro Terachi"
"530",103407,"Matt Klinger"
"531",103408,"Brian Vahaly"
"532",103413,"Genius Chidzikwe"
"533",103419,"Gabriel Montilla"
"534",103420,"Michal Tabara"
"535",103421,"Peter Handoyo"
"536",103422,"Sebastian Fitz"
"537",103424,"Tobias Clemens"
"538",103427,"Yew Ming Si"
"539",103428,"Juan Ignacio Chela"
"540",103429,"Peter Luczak"
"541",103435,"Massimo Dellacqua"
"542",103437,"Francesco Piccari"
"543",103439,"Dimitri Mazur"
"544",103444,"Jean Rene Lisnard"
"545",103448,"Gabriel Trujillo Soler"
"546",103451,"Bjorn Phau"
"547",103454,"Nicolas Massu"
"548",103455,"Michal Mertinak"
"549",103457,"Petr Kralert"
"550",103460,"Konstantin Don Gruber"
"551",103465,"Paul Logtens"
"552",103467,"Victor Bruthans"
"553",103468,"Harsh Mankad"
"554",103470,"Robert Kendrick"
"555",103472,"Karim Maamoun"
"556",103478,"Diego Veronelli"
"557",103483,"James Shortall"
"558",103484,"James Blake"
"559",103487,"Federico Luzzi"
"560",103490,"Santiago Ventura"
"561",103491,"Mads Gottlieb"
"562",103497,"Artem Derepasko"
"563",103498,"Marat Safin"
"564",103499,"Aqeel Khan"
"565",103503,"Robin Vik"
"566",103504,"Febi Widhiyanto"
"567",103505,"Vasilis Mazarakis"
"568",103506,"Martin Vassallo Arguello"
"569",103507,"Juan Carlos Ferrero"
"570",103510,"Rob Steckley"
"571",103514,"Young Jun Kim"
"572",103516,"Nathan Healey"
"573",103520,"Pavel Snobel"
"574",103521,"Andrea Stoppini"
"575",103523,"Rohan Bopanna"
"576",103525,"Ivan Miranda"
"577",103527,"Julien Jeanpierre"
"578",103529,"Aisam Ul Haq Qureshi"
"579",103530,"Zack Fleishman"
"580",103531,"Thomas Oger"
"581",103534,"Nicolas Devilder"
"582",103535,"Olivier Patience"
"583",103538,"James Auckland"
"584",103543,"David Marrero"
"585",103544,"Andy Ram"
"586",103546,"Patricio Arquez"
"587",103553,"Alun Jones"
"588",103559,"David Sherwood"
"589",103560,"KJ Hippensteel"
"590",103563,"Gabriel Pitta"
"591",103564,"Jakub Herm Zahlava"
"592",103565,"Stephane Robert"
"593",103566,"Michael Llodra"
"594",103568,"Valentin Sanon"
"595",103573,"Rik De Voest"
"596",103577,"Christopher Kas"
"597",103580,"Alexander Peya"
"598",103581,"Flavio Saretta"
"599",103582,"Michael Berrer"
"600",103583,"Evghenii Plugariov"
"601",103586,"Mariusz Fyrstenberg"
"602",103590,"Michael Quintero"
"603",103592,"Jerome Haehnel"
"604",103593,"Marcelo Barboza"
"605",103594,"Oliver Marach"
"606",103598,"Xavier Malisse"
"607",103600,"Mohammad Ghareeb"
"608",103602,"Fernando Gonzalez"
"609",103607,"Victor Estrella"
"610",103609,"Matthew Behrmann"
"611",103612,"Alexey Kedryuk"
"612",103621,"Igor Levine"
"613",103623,"Jacob Adaktusson"
"614",103626,"Tomas Tenconi"
"615",103630,"Martijn Van Haasteren"
"616",103632,"Luis Horna"
"617",103637,"Marcelo Amador"
"618",103638,"Jhonson Garcia"
"619",103642,"Shan Jiang"
"620",103643,"Lauri Kiiski"
"621",103645,"Balazs Veress"
"622",103646,"Lars Uebel"
"623",103647,"Jun Kato"
"624",103649,"Esat Tanik"
"625",103653,"Jasper Smit"
"626",103656,"Albert Montanes"
"627",103657,"Ivo Klec"
"628",103659,"Wei Jen Cheng"
"629",103663,"Matias Boeker"
"630",103666,"Ilia Kushev"
"631",103668,"Lazar Magdincev"
"632",103672,"Ricardo Mello"
"633",103674,"Jonathan Igbinovia"
"634",103675,"Diego Junqueira"
"635",103676,"Michael Yani"
"636",103677,"Andreas Fasching"
"637",103682,"Kyu Tae Im"
"638",103684,"Benedikt Dorsch"
"639",103690,"Marcin Matkowski"
"640",103693,"Thierry Ascione"
"641",103694,"Olivier Rochus"
"642",103699,"Fred Hemmes"
"643",103700,"Juan Pablo Guzman"
"644",103701,"Diego Hartfield"
"645",103702,"Stefano Ianni"
"646",103704,"Vladimir Obradovic"
"647",103708,"Jaroslav Pospisil"
"648",103709,"Kristian Pless"
"649",103711,"Jaroslav Levinsky"
"650",103714,"Andreas Vinciguerra"
"651",103715,"Kirill Ivanov Smolensky"
"652",103716,"Uros Vico"
"653",103718,"David Martin"
"654",103719,"Ruben Torres"
"655",103720,"Lleyton Hewitt"
"656",103722,"Florent Serra"
"657",103726,"Jean Christophe Faurel"
"658",103727,"Daniel Langre"
"659",103730,"Jonathan Marray"
"660",103735,"Lovro Zovko"
"661",103736,"Diego Acuna"
"662",103737,"Edgardo Massa"
"663",103739,"Jose De Armas"
"664",103746,"Miguel Gallardo Valles"
"665",103747,"Dominik Meffert"
"666",103748,"Jan Minar"
"667",103751,"Jonas Froberg"
"668",103752,"Simon Greul"
"669",103754,"Mark Hilton"
"670",103758,"Taylor Dent"
"671",103760,"Haluk Akkoyun"
"672",103761,"Tomas Cakl"
"673",103762,"John Paul Fruttero"
"674",103763,"Martin Slanar"
"675",103770,"Kevin Sorensen"
"676",103775,"Felipe Parada"
"677",103781,"Jurgen Melzer"
"678",103782,"Rameez Junaid"
"679",103786,"Nikolay Davydenko"
"680",103789,"Irakli Labadze"
"681",103792,"Joji Miyao"
"682",103794,"Benjamin Becker"
"683",103799,"Eric Prodon"
"684",103803,"Ashkan Shokoofi"
"685",103805,"Catalin Gard"
"686",103807,"Raimonds Sproga"
"687",103808,"Potito Starace"
"688",103812,"Victor Hanescu"
"689",103813,"Jarkko Nieminen"
"690",103817,"Yu Jr Wang"
"691",103819,"Roger Federer"
"692",103820,"Alan Mackin"
"693",103821,"Danai Udomchoke"
"694",103822,"Scott Lipsky"
"695",103823,"Denis Gremelmayr"
"696",103824,"Orest Tereshchuk"
"697",103825,"Zsolt Tatar"
"698",103826,"Carlos Palencia"
"699",103828,"Jean Julien Rojer"
"700",103829,"Cristian Paiz"
"701",103830,"Shao Xuan Zeng"
"702",103834,"Levar Harper Griffith"
"703",103835,"Filippo Volandri"
"704",103837,"Didac Perez"
"705",103841,"Julio Peralta"
"706",103843,"Marco Chiudinelli"
"707",103847,"Adrian Bohane"
"708",103849,"Francesco Aldi"
"709",103850,"Sebastian Decoud"
"710",103851,"Conor Niland"
"711",103852,"Feliciano Lopez"
"712",103857,"Igor Kunitsyn"
"713",103860,"Timo Nieminen"
"714",103862,"Michail Elgin"
"715",103863,"Mikhail Elgin"
"716",103864,"Mohamed Mamoun"
"717",103865,"Prima Simpatiaji"
"718",103868,"Ivan Navarro"
"719",103872,"Dimitar Grabuloski"
"720",103875,"Anoosha Shahgholi"
"721",103877,"Mike Scheidweiler"
"722",103878,"Zach Dailey"
"723",103882,"Adrians Zguns"
"724",103888,"Mardy Fish"
"725",103891,"Alexandros Jakupovic"
"726",103893,"Paolo Lorenzi"
"727",103894,"Phillip King"
"728",103898,"Julien Benneteau"
"729",103899,"Stian Boretti"
"730",103900,"David Nalbandian"
"731",103902,"Jan Mertl"
"732",103905,"Ricardo Chile Fonte"
"733",103908,"Paul Henri Mathieu"
"734",103909,"Guillermo Coria"
"735",103912,"Mario Radic"
"736",103913,"Ian Flanagan"
"737",103914,"Omar Awadhy"
"738",103917,"Nicolas Mahut"
"739",103920,"Sanchai Ratiwatana"
"740",103921,"Sonchat Ratiwatana"
"741",103923,"Radoslaw Nijaki"
"742",103924,"Marc Fornell Mestres"
"743",103925,"Gabriel Moraru"
"744",103926,"Daniel Munoz De La Nava"
"745",103936,"Todor Enev"
"746",103937,"Irakli Ushangishvili"
"747",103946,"Bruno Soares"
"748",103948,"Maximilian Abel"
"749",103949,"Ivan Cerovic"
"750",103956,"Stefan Wauters"
"751",103963,"Filip Urban"
"752",103964,"Tobias Klein"
"753",103967,"Michael Lammer"
"754",103969,"Roman Borvanov"
"755",103970,"David Ferrer"
"756",103971,"Karol Beck"
"757",103974,"Aivaras Balzekas"
"758",103975,"Eric Nunez"
"759",103976,"Juan Pablo Brzezicki"
"760",103978,"Rabie Chaki"
"761",103984,"Julien Mathieu"
"762",103986,"Radoslav Lukaev"
"763",103987,"Alessandro Camarco"
"764",103988,"Mariano Albert Ferrando"
"765",103990,"Tommy Robredo"
"766",103994,"Philip Riise Hansen"
"767",103997,"Lukasz Kubot"
"768",103998,"Mario Monroy"
"769",103999,"Thiago Alves"
"770",104000,"Andrey Dernovskiy"
"771",104001,"Brian Wilson"
"772",104003,"Victor Crivoi"
"773",104004,"Filip Prpic"
"774",104007,"Andre Ghem"
"775",104008,"Carlos Avellan"
"776",104010,"Dieter Kindlmann"
"777",104011,"Lefteris Alexiou"
"778",104014,"Lee Childs"
"779",104019,"Kristof Vliegen"
"780",104021,"Marco Mirnegg"
"781",104022,"Mikhail Youzhny"
"782",104023,"Nicolas Renavand"
"783",104025,"Amer Delic"
"784",104026,"Joachim Johansson"
"785",104027,"Pablo Gonzalez"
"786",104028,"Goncalo Nicau"
"787",104034,"Dmitry Vlasov"
"788",104035,"Bobby Reynolds"
"789",104036,"Simon Rea"
"790",104037,"Phillip Harboe"
"791",104040,"Adam Thompson"
"792",104043,"Marc Lopez"
"793",104046,"Bostjan Osabnik"
"794",104051,"Andrej Kracman"
"795",104053,"Andy Roddick"
"796",104056,"Roko Karanusic"
"797",104059,"Rasmus Norby"
"798",104063,"Mait Kunnap"
"799",104067,"Goran Tosic"
"800",104068,"Robby Ginepri"
"801",104070,"Jesse Witten"
"802",104071,"Raven Klaasen"
"803",104076,"Jose Acasuso"
"804",104081,"Boris Pashanski"
"805",104082,"Hiroki Kondo"
"806",104086,"Mikhail Filima"
"807",104091,"Miguel Angel Lopez Jaen"
"808",104093,"Nickolai Dyachok"
"809",104095,"David Guez"
"810",104098,"Dmitry Tursunov"
"811",104099,"Israel Matos Gil"
"812",104106,"Ludovic Walter"
"813",104112,"Benjamin Balleret"
"814",104113,"Carlos Salamanca"
"815",104115,"Marc Kimmich"
"816",104117,"Giovanni Lapentti"
"817",104121,"Tobias Summerer"
"818",104122,"Carlos Berlocq"
"819",104126,"Adam Kennedy"
"820",104136,"Santiago Gonzalez"
"821",104138,"Henry Adjei Darko"
"822",104140,"Dawid Olejniczak"
"823",104146,"Jonathan Chu"
"824",104149,"Adrian Cruciat"
"825",104154,"Paul Capdeville"
"826",104156,"Sunil Kumar"
"827",104158,"Andrew Anderson"
"828",104160,"Lukas Dlouhy"
"829",104161,"Tomislav Peric"
"830",104162,"Deniss Pavlovs"
"831",104166,"Alex Bogomolov Jr"
"832",104167,"Todd Widom"
"833",104171,"Richard Bloomfield"
"834",104173,"Sam Warburg"
"835",104175,"Matija Zgaga"
"836",104179,"Bruno Echagaray"
"837",104180,"Gilles Muller"
"838",104181,"Victor Ionita"
"839",104182,"Sasa Tuksar"
"840",104188,"Diego Camacho"
"841",104191,"Ismar Gorcic"
"842",104192,"Marco Crugnola"
"843",104195,"Simone Vagnozzi"
"844",104196,"Carlos Cuadrado"
"845",104198,"Guillermo Garcia Lopez"
"846",104200,"Juan Manuel Elizondo"
"847",104205,"Taras Demyanekno"
"848",104208,"Damian Patriarca"
"849",104209,"Rainer Eitzinger"
"850",104210,"Ryan Russell"
"851",104211,"Roman Valent"
"852",104213,"Tigran Martirosyan"
"853",104214,"Igor Andreev"
"854",104215,"Andrei Gorban"
"855",104216,"Maximo Gonzalez"
"856",104217,"Simon Stadler"
"857",104219,"Stephane Bohli"
"858",104224,"Travis Rettenmaier"
"859",104225,"Jan Hajek"
"860",104226,"Bastian Knittel"
"861",104227,"Augustin Gensse"
"862",104228,"Guillem Burniol"
"863",104229,"Yen Hsun Lu"
"864",104230,"Daniel Koellerer"
"865",104233,"Frederik Nielsen"
"866",104234,"Predrag Rusevski"
"867",104235,"Matwe Middelkoop"
"868",104236,"Rouzbeh Kamran"
"869",104243,"Oscar Posada"
"870",104247,"Sebo Kiss"
"871",104249,"Marcelo Melo"
"872",104250,"Prakash Amritraj"
"873",104251,"Ti Chen"
"874",104252,"Florian Mayer"
"875",104253,"Juan Martin Aranguren"
"876",104256,"Clement Reix"
"877",104258,"Juan Enrique Crosa"
"878",104259,"Philipp Kohlschreiber"
"879",104260,"Johny De Leon"
"880",104261,"Peng Sun"
"881",104262,"Flavio Cipolla"
"882",104268,"Alejandro Falla"
"883",104269,"Fernando Verdasco"
"884",104270,"Marvin Rolle"
"885",104272,"Torsten Popp"
"886",104273,"Edouard Roger Vasselin"
"887",104275,"Josko Topic"
"888",104281,"Ryler Deheart"
"889",104282,"Dennis Peschek"
"890",104283,"Minh Quan Do"
"891",104284,"Frank Condor"
"892",104286,"Vishal Punna"
"893",104287,"Steven Korteling"
"894",104291,"Malek Jaziri"
"895",104292,"Izak Van Der Merwe"
"896",104294,"Hao Lu"
"897",104295,"Raphael Durek"
"898",104297,"Rogerio Dutra Silva"
"899",104299,"Hiu Tung Yu"
"900",104305,"Luka Gregorc"
"901",104308,"Michal Przysiezny"
"902",104311,"Leonardo Tavares"
"903",104312,"Andreas Seppi"
"904",104314,"Brian Dabul"
"905",104317,"David Luque Velasco"
"906",104323,"Photos Kallias"
"907",104325,"Johannes Ager"
"908",104327,"Steve Darcis"
"909",104330,"Rajeev Ram"
"910",104332,"Philipp Petzschner"
"911",104334,"Alberto Brizzi"
"912",104336,"Gvidas Sabeckis"
"913",104338,"Juan Monaco"
"914",104339,"Mario Ancic"
"915",104342,"Matias Silva"
"916",104348,"Dias Doskarayev"
"917",104349,"Rui Machado"
"918",104352,"Colin Obrien"
"919",104355,"Lester Cook"
"920",104360,"Adam Chadaj"
"921",104361,"Michel Koning"
"922",104368,"Daniel King Turner"
"923",104371,"Ivo Minar"
"924",104372,"Alex Bogdanovic"
"925",104377,"Theodoros Angelinos"
"926",104378,"Yordan Kanev"
"927",104379,"Todd Reid"
"928",104383,"Diogo Rocha"
"929",104385,"Lars Poerschke"
"930",104386,"Janko Tipsarevic"
"931",104392,"Franco Ferreiro"
"932",104393,"Gregoire Burquier"
"933",104395,"Marcel Felder"
"934",104397,"Laurent Recouderc"
"935",104402,"Clement Morel"
"936",104412,"Matt Simpson"
"937",104415,"Colin Fleming"
"938",104416,"Tiago Godinho"
"939",104417,"Robin Soderling"
"940",104421,"Martin Vilarrubi"
"941",104424,"Go Soeda"
"942",104433,"Frank Dancevic"
"943",104437,"Dekel Valtzer"
"944",104438,"Oscar Rodriguez Sanchez"
"945",104439,"Vadim Davletshin"
"946",104444,"Ryan Henry"
"947",104445,"Jose Antonio Sanchez De Luna"
"948",104446,"Dinko Halachev"
"949",104453,"Michael Ryderstedt"
"950",104454,"Murad Inoyatov"
"951",104456,"Colin Ebelthite"
"952",104460,"Dustin Brown"
"953",104463,"Dmitriy Makeyev"
"954",104464,"Abdul Mumin Babalola"
"955",104465,"Martin Emmrich"
"956",104467,"Lamine Ouahab"
"957",104468,"Gilles Simon"
"958",104469,"Erling Tveit"
"959",104470,"Komlavi Loglo"
"960",104471,"Ivan Dodig"
"961",104473,"Walter Trusendi"
"962",104474,"Leonardo Kirche"
"963",104476,"Louk Sorensen"
"964",104477,"Jorge Aguilar"
"965",104478,"Hyun Woo Nam"
"966",104479,"Sarvar Ikramov"
"967",104484,"Lawal Shehu"
"968",104485,"Nick Van Der Meer"
"969",104486,"Horia Tecau"
"970",104488,"Armin Sandbichler"
"971",104489,"Barry King"
"972",104494,"Adrian Ungur"
"973",104495,"Florin Mergea"
"974",104496,"Luis Manuel Flores"
"975",104499,"Jimmy Wang"
"976",104500,"Somdev Devvarman"
"977",104501,"Xin Yuan Yu"
"978",104503,"Guillermo Hormazabal"
"979",104504,"Ross Hutchins"
"980",104505,"Konstantin Kravchuk"
"981",104508,"Robert Yim"
"982",104512,"Ergun Zorlu"
"983",104515,"Mathieu Montcourt"
"984",104516,"Arnau Brugues Davi"
"985",104519,"Roman Vogeli"
"986",104523,"Frederico Gil"
"987",104527,"Stanislas Wawrinka"
"988",104531,"Sergio Ramirez"
"989",104534,"Dudi Sela"
"990",104535,"Daniel Garza"
"991",104542,"Jo Wilfried Tsonga"
"992",104545,"John Isner"
"993",104547,"Horacio Zeballos"
"994",104548,"Brian Baker"
"995",104550,"Ricardo Hocevar"
"996",104557,"Andis Juska"
"997",104558,"Mohammed Abdulla"
"998",104559,"Teymuraz Gabashvili"
"999",104561,"Jae Sung An"
"1000",104563,"Luca Vanni"
"1001",104565,"Hyun Joon Suk"
"1002",104569,"Lado Chikhladze"
"1003",104571,"Marcos Baghdatis"
"1004",104579,"Romain Jouan"
"1005",104580,"Haithem Abid"
"1006",104582,"Rok Jarc"
"1007",104583,"Filip Polasek"
"1008",104585,"Gyorgy Balazs"
"1009",104586,"Lukas Rosol"
"1010",104589,"Chris Guccione"
"1011",104591,"Patrick Tierro"
"1012",104592,"Ilija Bozoljac"
"1013",104593,"Daniel Gimeno Traver"
"1014",104594,"Marinko Matosevic"
"1015",104595,"Sascha Kloer"
"1016",104597,"Nicolas Almagro"
"1017",104600,"Treat Conrad Huey"
"1018",104603,"Andrei Ciumac"
"1019",104604,"Ruben Gonzales"
"1020",104607,"Tomas Berdych"
"1021",104609,"Omar Hedayet"
"1022",104612,"Daniel Yoo"
"1023",104613,"Candy Idoko"
"1024",104615,"Ranjeet Virali Murugesan"
"1025",104618,"Devin Mullings"
"1026",104619,"Jesse Huta Galung"
"1027",104620,"Simone Bolelli"
"1028",104623,"Josh Goodall"
"1029",104624,"Joshua Goodall"
"1030",104627,"Boy Westerhof"
"1031",104628,"Alexander Kudryavtsev"
"1032",104629,"Adrian Menendez Maceiras"
"1033",104631,"Harshana Godamanna"
"1034",104633,"Mathieu Rodrigues"
"1035",104635,"Robert Smeets"
"1036",104639,"Wayne Odesnik"
"1037",104640,"Pablo Galdon"
"1038",104644,"Riccardo Ghedin"
"1039",104646,"Purav Raja"
"1040",104651,"Martin Alund"
"1041",104654,"Baris Erguden"
"1042",104655,"Pablo Cuevas"
"1043",104656,"Haydn Lewis"
"1044",104658,"Gustavo Ramirez"
"1045",104660,"Sergiy Stakhovsky"
"1046",104661,"Pierre Ludovic Duclos"
"1047",104665,"Pablo Andujar"
"1048",104667,"Philipp Oswald"
"1049",104672,"Vincent Millot"
"1050",104673,"Julio Cesar Campozano"
"1051",104676,"Andreas Beck"
"1052",104677,"Artem Sitak"
"1053",104678,"Viktor Troicki"
"1054",104679,"Jamie Murray"
"1055",104680,"Bruno Rosa"
"1056",104681,"Sebastian Rieschick"
"1057",104684,"Navdeep Singh"
"1058",104689,"Terence Nugent"
"1059",104692,"Alexander Slabinsky"
"1060",104693,"Dominic Inglot"
"1061",104695,"Fritz Wolmarans"
"1062",104698,"Diego Cubas"
"1063",104700,"Daniel Vallverdu"
"1064",104702,"Michael Leong"
"1065",104707,"Denis Matsukevitch"
"1066",104711,"G Jones"
"1067",104712,"Israel Morales"
"1068",104714,"Julian Reister"
"1069",104717,"Brendan Evans"
"1070",104718,"Luis Diaz Barriga"
"1071",104719,"Marcel Granollers"
"1072",104721,"Josselin Ouanna"
"1073",104724,"Eduardo Schwank"
"1074",104729,"Ivan Nedelko"
"1075",104731,"Kevin Anderson"
"1076",104732,"Phillip Simmonds"
"1077",104735,"Tobias Kamke"
"1078",104736,"Farrukh Dustov"
"1079",104738,"Caio Zampieri"
"1080",104739,"Guillermo Alcaide"
"1081",104743,"Kamil Capkovic"
"1082",104745,"Rafael Nadal"
"1083",104752,"Dilshod Sharifi"
"1084",104753,"Woong Sun Jun"
"1085",104755,"Richard Gasquet"
"1086",104760,"Scott Oudsema"
"1087",104763,"Rafael Arevalo"
"1088",104768,"Juho Paukku"
"1089",104770,"Martin Fischer"
"1090",104775,"Adam Kellner"
"1091",104778,"Andrey Kumantsov"
"1092",104779,"Jamie Baker"
"1093",104781,"Yuichi Ito"
"1094",104783,"Mikhail Ledovskikh"
"1095",104789,"Sherif Sabry"
"1096",104792,"Gael Monfils"
"1097",104797,"Denis Istomin"
"1098",104800,"Mauricio Estivariz"
"1099",104802,"Fabrice Martin"
"1100",104803,"Younes Rachidi"
"1101",104804,"Amir Weintraub"
"1102",104807,"Mehdi Ziadi"
"1103",104810,"Zhe Li"
"1104",104812,"Scoville Jenkins"
"1105",104813,"Grega Zemlja"
"1106",104816,"Karan Rastogi"
"1107",104820,"Erik Chvojka"
"1108",104822,"N Vijay Sundar Prashanth"
"1109",104823,"Bruno Rodriguez"
"1110",104826,"Federico Sansonetti"
"1111",104830,"Matteo Marrai"
"1112",104831,"Bartolome Salva Vidal"
"1113",104839,"Yassine Idmbarek"
"1114",104842,"Salifu Mohammed"
"1115",104847,"Adrien Bossel"
"1116",104850,"Jonathan Dasnieres De Veigy"
"1117",104851,"Gianluca Naso"
"1118",104856,"Min Hyoek Cho"
"1119",104857,"Robert Farah"
"1120",104858,"Enrique Olivares"
"1121",104863,"Olivier Sajous"
"1122",104864,"Alex Kuznetsov"
"1123",104868,"James Ward"
"1124",104869,"Sergei Bubka"
"1125",104871,"Jeremy Chardy"
"1126",104873,"Aleksandr Nedovyesov"
"1127",104875,"Denes Lukacs"
"1128",104882,"Blaz Kavcic"
"1129",104887,"Piero Luisi"
"1130",104888,"Martin Rmus"
"1131",104890,"Andreas Haider Maurer"
"1132",104893,"Maxime Authom"
"1133",104895,"Abdullah Maqdas"
"1134",104896,"Bruno Agostinelli"
"1135",104897,"Matthias Bachinger"
"1136",104898,"Robin Haase"
"1137",104901,"Vladimir Ivanov"
"1138",104905,"Nicolas Barrientos"
"1139",104907,"Jose Rubin Statham"
"1140",104908,"Mikal Oliver Statham"
"1141",104909,"Sunu Wahyu Trijati"
"1142",104910,"Tihomir Grozdanov"
"1143",104914,"Ervin Eleskovic"
"1144",104917,"Anas Fattar"
"1145",104918,"Andy Murray"
"1146",104919,"Leonardo Mayer"
"1147",104920,"Denys Molchanov"
"1148",104921,"Kirati Siributwong"
"1149",104925,"Novak Djokovic"
"1150",104926,"Fabio Fognini"
"1151",104928,"Sun Yong Kim Jr"
"1152",104932,"Kenny De Schepper"
"1153",104934,"Thomas Kromann"
"1154",104942,"Roman Recarte"
"1155",104944,"Niels Desein"
"1156",104945,"James Mcgee"
"1157",104947,"Marsel Ilhan"
"1158",104948,"Petar Jelenic"
"1159",104949,"Weerapat Doakmaiklee"
"1160",104951,"Aljoscha Thron"
"1161",104952,"Martin Pedersen"
"1162",104953,"Nikolai Fidirko"
"1163",104958,"Carsten Ball"
"1164",104960,"Miguel Angel Reyes Varela"
"1165",104963,"Yannick Mertens"
"1166",104965,"Pavol Cervenak"
"1167",104967,"Alexander Sadecky"
"1168",104970,"Matteo Viola"
"1169",104971,"Blake Strode"
"1170",104975,"Evgeny Kirillov"
"1171",104976,"Ryan Sweeting"
"1172",104978,"Daniel Brands"
"1173",104979,"Andrey Golubev"
"1174",104986,"Vishnu Vardhan"
"1175",104988,"Vivek Shokeen"
"1176",104992,"Syrym Abdukhalikov"
"1177",104993,"Martin Vaisse"
"1178",104996,"Alexander Blom"
"1179",104997,"Igor Sijsling"
"1180",104999,"Mischa Zverev"
"1181",105001,"Mao Xin Gong"
"1182",105002,"Timothy Neilly"
"1183",105003,"Wan Gao"
"1184",105004,"Dimitar Kutrovsky"
"1185",105006,"Chu Huan Yi"
"1186",105009,"Elbert Sie"
"1187",105011,"Illya Marchenko"
"1188",105012,"Alexander Bury"
"1189",105014,"Antal Van Der Duim"
"1190",105015,"Franco Skugor"
"1191",105016,"Serguei Tarasevitch"
"1192",105023,"Sam Querrey"
"1193",105026,"Takuto Niki"
"1194",105028,"Jesse Levine"
"1195",105029,"Sergey Betov"
"1196",105030,"Michael Venus"
"1197",105031,"Saketh Myneni"
"1198",105032,"Samuel Groth"
"1199",105036,"Hyun Joon Kim"
"1200",105041,"Lukas Lacko"
"1201",105047,"Tim Puetz"
"1202",105048,"Alex Clayton"
"1203",105051,"Matthew Ebden"
"1204",105052,"Chris Eaton"
"1205",105053,"Santiago Giraldo"
"1206",105059,"Kento Takeuchi"
"1207",105060,"Aldin Setkic"
"1208",105062,"Mikhail Kukushkin"
"1209",105063,"Andrea Arnaboldi"
"1210",105064,"Thomaz Bellucci"
"1211",105065,"Tim Smyczek"
"1212",105066,"Grzegorz Panfil"
"1213",105070,"Hans Podlipnik Castillo"
"1214",105072,"Sanam Singh"
"1215",105074,"Ruben Bemelmans"
"1216",105077,"Albert Ramos"
"1217",105079,"Ivan Sergeyev"
"1218",105080,"Miloslav Mecir"
"1219",105081,"Jean Michel Durango"
"1220",105084,"James Lemke"
"1221",105085,"Artem Smirnov"
"1222",105091,"Peter Torebko"
"1223",105094,"Paris Gemouchidis"
"1224",105095,"Evgeny Korolev"
"1225",105098,"Alexandre Sidorenko"
"1226",105099,"Antonio Veic"
"1227",105100,"Edward Corrie"
"1228",105101,"Blazej Koniusz"
"1229",105103,"Pavel Katliarov"
"1230",105104,"Robin Roshardt"
"1231",105111,"Ivan Endara"
"1232",105113,"Patrik Rosenholm"
"1233",105116,"Dusan Lojda"
"1234",105120,"Andres Molteni"
"1235",105122,"Karlis Lejnieks"
"1236",105128,"Guillermo Olaso"
"1237",105131,"Tim Goransson"
"1238",105132,"Jurgen Zopp"
"1239",105137,"Pere Riba"
"1240",105138,"Roberto Bautista Agut"
"1241",105145,"Jaak Poldma"
"1242",105147,"Tatsuma Ito"
"1243",105148,"Hsin Han Lee"
"1244",105149,"Reda El Amrani"
"1245",105152,"Marcin Gawron"
"1246",105154,"Joao Souza"
"1247",105155,"Pedro Sousa"
"1248",105156,"Federico Zeballos"
"1249",105159,"Vaja Uzakov"
"1250",105161,"Yann Marti"
"1251",105166,"Peter Polansky"
"1252",105169,"Jean Andersen"
"1253",105173,"Adrian Mannarino"
"1254",105175,"Kristijan Mesaros"
"1255",105177,"Aditya Hari Sasongko"
"1256",105180,"Daniel Dutra Da Silva"
"1257",105182,"Antso Rakotondramanga"
"1258",105187,"Daniel Danilovic"
"1259",105189,"Pavel Chekhov"
"1260",105194,"Nick Lindahl"
"1261",105201,"Marc Abdulnour"
"1262",105207,"Andrei Daescu"
"1263",105208,"Ernests Gulbis"
"1264",105216,"Yuichi Sugita"
"1265",105217,"Thiemo De Bakker"
"1266",105220,"Jun Chao Xu"
"1267",105221,"Mauricio Doria Medina"
"1268",105223,"Juan Martin Del Potro"
"1269",105226,"Attila Balazs"
"1270",105227,"Marin Cilic"
"1271",105229,"Philip Bester"
"1272",105231,"Luka Belic"
"1273",105233,"Jeevan Nedunchezhiyan"
"1274",105238,"Alexandr Dolgopolov"
"1275",105239,"Daniel Glancy"
"1276",105245,"Fabiano De Paula"
"1277",105250,"Mehdi Jdi"
"1278",105252,"Takahiro Ittogi"
"1279",105254,"Nikola Mektic"
"1280",105255,"Bassam Beidas"
"1281",105259,"Andrei Karatchenia"
"1282",105261,"Roberto Maytin"
"1283",105262,"Fernando Romboli"
"1284",105269,"Marcelo Demoliner"
"1285",105270,"Maxime Teixeira"
"1286",105271,"Gonzalo Escobar"
"1287",105273,"Mauricio Echazu"
"1288",105278,"Alexis Klegou"
"1289",105281,"Eric Quigley"
"1290",105283,"Gerard Granollers"
"1291",105284,"Tuna Altuna"
"1292",105286,"Greg Jones"
"1293",105288,"Guillermo Rivera Aranguiz"
"1294",105292,"Alejandro Gonzalez"
"1295",105294,"Dennis Lajola"
"1296",105299,"Dzmitry Zhyrmont"
"1297",105300,"Sergio Gutierrez Ferrol"
"1298",105302,"Ante Pavic"
"1299",105305,"Valentin Dimov"
"1300",105311,"Joao Sousa"
"1301",105318,"Thomas Schoorel"
"1302",105325,"Germain Gigounon"
"1303",105331,"Petru Alexandru Luncanu"
"1304",105332,"Benoit Paire"
"1305",105334,"Luis David Martinez"
"1306",105336,"Nicolas Meister"
"1307",105339,"Yan Bai"
"1308",105341,"Thomas Fabbiano"
"1309",105349,"Harri Heliovaara"
"1310",105357,"John Millman"
"1311",105367,"Daniel Alejandro Lopez Cassaccia"
"1312",105372,"Issam Al Tawil"
"1313",105373,"Martin Klizan"
"1314",105376,"Peter Gojowczyk"
"1315",105379,"Aljaz Bedene"
"1316",105385,"Donald Young"
"1317",105386,"Janez Semrajc"
"1318",105394,"Ilija Martinoski"
"1319",105401,"Matteo Trevisan"
"1320",105402,"Peerakiat Siriluethaiwattana"
"1321",105404,"Michael Mcclune"
"1322",105408,"Soren Wedege"
"1323",105413,"Andrej Martin"
"1324",105419,"Patricio Alvarado"
"1325",105426,"Michael Linzer"
"1326",105427,"Milos Sekulic"
"1327",105428,"Marcus Daniell"
"1328",105430,"Radu Albot"
"1329",105431,"Ariel Behar"
"1330",105434,"Ruan Roelofse"
"1331",105436,"Markus Eriksson"
"1332",105438,"Inigo Cervantes Huegun"
"1333",105440,"Arsenije Zlatanovic"
"1334",105441,"John Patrick Smith"
"1335",105442,"Sebastien Vidal"
"1336",105448,"Hsien Yin Peng"
"1337",105449,"Steve Johnson"
"1338",105450,"Mike Urbanija"
"1339",105453,"Kei Nishikori"
"1340",105454,"Brydan Klein"
"1341",105456,"Sergio Galdos"
"1342",105463,"Charalampos Kapogiannis"
"1343",105464,"Christopher Rungkat"
"1344",105467,"Jordi Munoz Abreu"
"1345",105471,"Cesar Ramirez"
"1346",105472,"Nils Langer"
"1347",105477,"Marco Trungelliti"
"1348",105482,"Vijayant Malik"
"1349",105487,"Facundo Bagnis"
"1350",105488,"Jose Benitez"
"1351",105490,"Jui Chen Hung"
"1352",105493,"Tomislav Brkic"
"1353",105497,"Jose Hernandez"
"1354",105499,"Christopher Diaz Figueroa"
"1355",105501,"Akash Wagh"
"1356",105512,"Alexander Sarkissian"
"1357",105515,"Jordi Samper Montana"
"1358",105521,"Juan Sebastian Vivanco"
"1359",105526,"Jan Lennard Struff"
"1360",105528,"Alexander Ward"
"1361",105529,"Carlos Gomez Herrera"
"1362",105539,"Evgeny Donskoy"
"1363",105541,"Alex Llompart"
"1364",105542,"Bastian Trinker"
"1365",105547,"Dean Obrien"
"1366",105550,"Guido Pella"
"1367",105551,"Anil Yuksel"
"1368",105554,"Daniel Evans"
"1369",105558,"Guillaume Rufin"
"1370",105559,"Jonathan Eysseric"
"1371",105561,"Alessandro Giannessi"
"1372",105565,"Ya Nan Ma"
"1373",105566,"Shahin Khaledan"
"1374",105572,"Austin Krajicek"
"1375",105573,"Henri Kontinen"
"1376",105575,"Ricardas Berankis"
"1377",105577,"Vasek Pospisil"
"1378",105579,"Kittipong Wachiramanowong"
"1379",105583,"Dusan Lajovic"
"1380",105585,"Ze Zhang"
"1381",105586,"Alexander Lazov"
"1382",105587,"Tom Kocevar Desman"
"1383",105589,"Gerald Melzer"
"1384",105590,"Uladzimir Ignatik"
"1385",105591,"Matt Reid"
"1386",105596,"Jan Satral"
"1387",105601,"Cristobal Saavedra Corvalan"
"1388",105606,"Mohsen Hossein Zade"
"1389",105609,"Ilya Belyaev"
"1390",105613,"Norbert Gombos"
"1391",105614,"Bradley Klahn"
"1392",105625,"Alvaro Raposo De Oliveira"
"1393",105626,"Takanyi Garanganga"
"1394",105630,"Tomislav Ternar"
"1395",105633,"Mohamed Safwat"
"1396",105634,"Viktor Galovic"
"1397",105638,"Daniel Cox"
"1398",105641,"Blaz Rola"
"1399",105643,"Federico Delbonis"
"1400",105649,"Cedrik Marcel Stebe"
"1401",105650,"Marcus Willis"
"1402",105651,"Daniel Smethurst"
"1403",105655,"Hiroki Moriya"
"1404",105656,"Marcelo Arevalo"
"1405",105657,"Marius Copil"
"1406",105662,"Tomislav Jotovski"
"1407",105668,"Jerzy Janowicz"
"1408",105671,"Gastao Elias"
"1409",105676,"David Goffin"
"1410",105677,"Nikola Cacic"
"1411",105678,"Axel Michon"
"1412",105679,"Eduardo Struvay"
"1413",105681,"Soong Jae Cho"
"1414",105683,"Milos Raonic"
"1415",105688,"Manuel Sanchez"
"1416",105703,"Jesus Bandres"
"1417",105707,"Nicolaas Scholtz"
"1418",105711,"Dino Marcan"
"1419",105717,"Tzvetan Mihov"
"1420",105720,"Stanislav Vovk"
"1421",105723,"Andrey Kuznetsov"
"1422",105730,"Devin Britton"
"1423",105731,"Steven Diez"
"1424",105732,"Pierre Hugues Herbert"
"1425",105733,"Rhyne Williams"
"1426",105738,"Tsung Hua Yang"
"1427",105747,"Karim Mohamed Maamoun"
"1428",105751,"Roberto Ortega Olmedo"
"1429",105757,"Sandro Ehrat"
"1430",105759,"Henrik Sillanpaa"
"1431",105773,"Bruno Abdel Nour"
"1432",105775,"Marin Draganja"
"1433",105777,"Grigor Dimitrov"
"1434",105781,"Andrei Vasilevski"
"1435",105782,"Enrique Lopez Perez"
"1436",105783,"Chase Buchanan"
"1437",105790,"Yong Kyu Lim"
"1438",105798,"Tilen Zitnik"
"1439",105806,"Mirza Basic"
"1440",105807,"Pablo Carreno Busta"
"1441",105812,"David Agung Susanto"
"1442",105819,"Guido Andreozzi"
"1443",105820,"Juan Carlos Saez"
"1444",105826,"Alejandro Gomez GB42"
"1445",105827,"Laurynas Grigelis"
"1446",105830,"Hicham Khaddari"
"1447",105831,"Marko Djokovic"
"1448",105841,"Lorenzo Giustino"
"1449",105842,"Di Wu"
"1450",105852,"Viktor Filipenko"
"1451",105853,"Tigre Hank"
"1452",105872,"Christian Lindell"
"1453",105874,"Albano Olivetti"
"1454",105877,"Emilio Gomez"
"1455",105881,"Matthew Barton"
"1456",105882,"Stefano Travaglia"
"1457",105888,"Toni Androic"
"1458",105894,"Javier Marti"
"1459",105899,"Martin Cuevas"
"1460",105902,"James Duckworth"
"1461",105906,"Kevin Krawietz"
"1462",105909,"Sam Barry"
"1463",105912,"Diego Galeano"
"1464",105916,"Marton Fucsovics"
"1465",105917,"Gianni Mina"
"1466",105930,"Daniel Kosakowski"
"1467",105932,"Nikoloz Basilashvili"
"1468",105933,"Roberto Quiroz"
"1469",105934,"Chuhan Wang"
"1470",105935,"Duilio Beretta"
"1471",105936,"Filip Krajinovic"
"1472",105941,"Felipe Rios"
"1473",105943,"Federico Gaio"
"1474",105946,"Liang Chi Huang"
"1475",105952,"Renzo Olivo"
"1476",105954,"Peter Nagy"
"1477",105960,"Evan King"
"1478",105961,"David Souto"
"1479",105963,"Arthur De Greef"
"1480",105967,"Henri Laaksonen"
"1481",105985,"Darian King"
"1482",105987,"Mikhail Biryukov"
"1483",105992,"Ryan Harrison"
"1484",105999,"Bowen Ouyang"
"1485",106000,"Damir Dzumhur"
"1486",106005,"Constant Lestienne"
"1487",106006,"Agustin Velotti"
"1488",106024,"Dovydas Sakinis"
"1489",106026,"Yuki Bhambri"
"1490",106032,"Facundo Arguello"
"1491",106033,"Romain Arneodo"
"1492",106034,"Yasutaka Uchiyama"
"1493",106035,"Isak Arvidsson"
"1494",106043,"Diego Sebastian Schwartzman"
"1495",106044,"Nicolas Kicker"
"1496",106045,"Denis Kudla"
"1497",106053,"Philip Davydenko"
"1498",106058,"Jack Sock"
"1499",106065,"Marco Cecchinato"
"1500",106066,"Victor Baluda"
"1501",106071,"Bernard Tomic"
"1502",106074,"Jung Woong Na"
"1503",106075,"Jozef Kovalik"
"1504",106077,"Mike Vermeer"
"1505",106078,"Egor Gerasimov"
"1506",106081,"Thomas Jun Facchini Takemoto"
"1507",106085,"Hamid Reza Nadaf"
"1508",106090,"Daniel Berta"
"1509",106093,"Benjamin Mitchell"
"1510",106099,"Salvatore Caruso"
"1511",106100,"Micke Kontinen"
"1512",106105,"Guilherme Clezar"
"1513",106106,"George Tsivadze"
"1514",106109,"Alex Bolt"
"1515",106121,"Taro Daniel"
"1516",106123,"Tiago Fernandes"
"1517",106136,"Warit Sornbutnark"
"1518",106137,"Tristan Lamasine"
"1519",106138,"Yaraslau Shyla"
"1520",106148,"Roberto Carballes Baena"
"1521",106150,"Jeson Patrombon"
"1522",106158,"Suk Young Jeong"
"1523",106165,"Diego Hidalgo"
"1524",106167,"Joris De Loore"
"1525",106169,"Vladyslav Manafov"
"1526",106174,"Gonzalo Lama"
"1527",106175,"Ricardo Rodriguez"
"1528",106180,"Spencer Newman"
"1529",106184,"Hong Chung"
"1530",106186,"Jason Kubler"
"1531",106194,"Nutthanon Kadchapanan"
"1532",106198,"Hugo Dellien"
"1533",106199,"Darius Florin Bragusi"
"1534",106201,"Maxim Dubarenco"
"1535",106207,"Mate Pavic"
"1536",106210,"Jiri Vesely"
"1537",106216,"Bjorn Fratangelo"
"1538",106218,"Marcos Giron"
"1539",106220,"Dimitar Kuzmanov"
"1540",106225,"Andrew Whittington"
"1541",106227,"Ji Sung Nam"
"1542",106228,"Juan Ignacio Londero"
"1543",106232,"Roberto Cid"
"1544",106233,"Dominic Thiem"
"1545",106234,"Aslan Karatsev"
"1546",106237,"Chieh Fu Wang"
"1547",106238,"Andres Artunedo Martinavarr"
"1548",106243,"Mate Delic"
"1549",106244,"Oliver Golding"
"1550",106246,"Robin Kern"
"1551",106247,"Nik Razborsek"
"1552",106249,"Joao Domingues"
"1553",106250,"Luis Patino"
"1554",106261,"Dennis Novikov"
"1555",106269,"Austin Smith"
"1556",106277,"Ariez Elyaas Deen Heshaam"
"1557",106281,"Liam Broady"
"1558",106283,"Mitchell Krueger"
"1559",106288,"Mathias Bourgue"
"1560",106290,"Filip Peliwo"
"1561",106291,"Luke Saville"
"1562",106293,"Kimmer Coppejans"
"1563",106296,"Gregoire Barrere"
"1564",106298,"Lucas Pouille"
"1565",106299,"Bar Tzuf Botzer"
"1566",106309,"Wisnu Adi Nugroho"
"1567",106321,"Xin Gao"
"1568",106325,"Jabor Al Mutawa"
"1569",106328,"Christian Harrison"
"1570",106329,"Thiago Monteiro"
"1571",106331,"Christopher Oconnell"
"1572",106342,"Martins Podzus"
"1573",106350,"Andre Gaspar Murta"
"1574",106353,"Pedja Krstin"
"1575",106361,"Adam Pavlasek"
"1576",106362,"Laurent Lokoli"
"1577",106368,"Ramkumar Ramanathan"
"1578",106374,"Filip Veger"
"1579",106378,"Kyle Edmund"
"1580",106381,"Temur Ismailov"
"1581",106387,"Mazen Osama"
"1582",106390,"Matteo Donati"
"1583",106392,"Thien Nguyen Hoang"
"1584",106393,"Frederico Ferreira Silva"
"1585",106397,"Wishaya Trongcharoenchaikul"
"1586",106398,"Pedro Cachin"
"1587",106401,"Nick Kyrgios"
"1588",106410,"Jorge Brian Panta Herreros"
"1589",106412,"Lucas Gomez"
"1590",106415,"Yoshihito Nishioka"
"1591",106421,"Daniil Medvedev"
"1592",106423,"Thanasi Kokkinakis"
"1593",106425,"Blake Mott"
"1594",106426,"Christian Garin"
"1595",106430,"Patrick Ciorcila"
"1596",106432,"Borna Coric"
"1597",106536,"Andres Filimonov"
"1598",106664,"Brian Hung"
"1599",106764,"Christopher Koderisch"
"1600",106886,"Dmitro Tolok"
"1601",107098,"Gilles Kremer"
"1602",107310,"Jean Nabi"
"1603",107552,"Laurent Bram"
"1604",108344,"Tai Wei Liu"
"1605",108582,"Luis Perez Chete"
"1606",108583,"Daniel Chavez Morales"
"1607",108584,"Alexander Vasquez"
"1608",108585,"Americo Venero Montes"
"1609",108586,"Augusto Sanabria"
"1610",108587,"Kerlin Leon Zamora"
"1611",108588,"Asim Shafik"
"1612",108589,"Vasuthevan Ortchuan"
"1613",108590,"Mohammed Nazreen Fuzi Nasruddin"
"1614",108591,"Adam Jaya"
"1615",108592,"Pavel Baranov"
"1616",108593,"Wing Luen Wong"
"1617",108594,"Johnny Arcilla"
"1618",108595,"Mohammed Reza Tavakoli"
"1619",108596,"Ramin Raziyani"
"1620",108597,"Adelo Abadia"
"1621",108598,"Rolando Ruel"
"1622",108599,"Ivo Lagzdins"
"1623",108600,"Sean Cooper"
"1624",108601,"Bob Borella"
"1625",108602,"Alti Vahkal"
"1626",108603,"Helge Koll Frafjord"
"1627",108604,"Pascal Schaul"
"1628",108605,"Sacha Thoma"
"1629",108606,"Gert Vilms"
"1630",108607,"Andrei Luzgin"
"1631",108608,"Marwan Zewar"
"1632",108609,"Patrick Boza"
"1633",108610,"Tsolak Gevorgyan"
"1634",108611,"Victor Ribas"
"1635",108612,"Sergei Cuptov"
"1636",108613,"Davit Babayan"
"1637",108614,"Raoul Behr"
"1638",108615,"Genaro Deleon"
"1639",108616,"Walter Barahona"
"1640",108617,"Hussain Al Ashwak"
"1641",108618,"Karim Alayli"
"1642",108619,"Jad Ayoub"
"1643",108620,"Adel Al Shatti"
"1644",108621,"Seyed Akbar Taheri Rahaghi"
"1645",108622,"Samir Saadeldin"
"1646",108623,"Rabi Bouhassoun"
"1647",108624,"Hazuan Hizan"
"1648",108625,"Mohammed Rajan Sundera Karuppiah"
"1649",108626,"Antonio Van Grichen"
"1650",108627,"Kevin Jonckheer"
"1651",108628,"Jhonnatan Medina Alvarez"
"1652",108629,"Rodrigo Gabriel"
"1653",108630,"Jamal Darmadi"
"1654",108631,"Wen Lung Chang"
"1655",108632,"Federico Camacho"
"1656",108633,"Juan Carlos Gonzalez"
"1657",108634,"Rodrigo Vallejo"
"1658",108635,"Juan Pablo Barboza"
"1659",108636,"Lays Salim"
"1660",108637,"Nomi Qamar"
"1661",108638,"Yazan Al Kasim"
"1662",108639,"Maxime Koffi"
"1663",108640,"Mik Ledvonova"
"1664",108641,"Fredrik Aarum"
"1665",108642,"Hayk Hakobyan"
"1666",108643,"Samuel Fumi"
"1667",108644,"Patrick Chucri"
"1668",108645,"Musaad Al Jazzaf"
"1669",108646,"Joseph Victorino"
"1670",108647,"Anton Tsymbalov"
"1671",108648,"Michael Mora"
"1672",108649,"Chris Numbers"
"1673",108650,"Peit Hein Boekel"
"1674",108651,"Sandor Martinez Breijo"
"1675",108652,"Shane Stone"
"1676",108653,"Troy Stone"
"1677",108654,"Tyler Mayers"
"1678",108655,"Ivor Grazette"
"1679",108656,"Simon Shen"
"1680",108657,"Alexander Skrypko"
"1681",108658,"Yanquiel Medina Sobrino"
"1682",108659,"Dannio Yahya"
"1683",108660,"Fadi Youssef"
"1684",108661,"Dentry Mortimer"
"1685",108662,"Lavaughn Munroe"
"1686",108663,"Bjorn Munroe"
"1687",108664,"Martin Stiegwardt"
"1688",108665,"Alexandru Andronachi"
"1689",108666,"Harutyun Sofyan"
"1690",108667,"Kwasi Ahenkora"
"1691",108672,"William Lock"
"1692",108673,"Leroy Tujeehut"
"1693",108674,"Jerry Joseph"
"1694",108675,"Iphton Louis"
"1695",108676,"Joel Allen"
"1696",108677,"Daniel Isaza"
"1697",108678,"Eddy Gonzalez Gonzalez"
"1698",108679,"Jose Bernard"
"1699",108680,"Sergey Makashin"
"1700",108681,"Andrey Stepanov"
"1701",108682,"Stephen Nugent"
"1702",108683,"Kenneth Tuilier Curco"
"1703",108684,"Mehdi Bouabbane"
"1704",108685,"Frederick Sletting Johnsen"
"1705",108687,"Rami Osman"
"1706",108688,"Martin Sayer"
"1707",108689,"Goran Bosalevski"
"1708",108690,"Ayrton Wibowo"
"1709",108691,"Khalid Al Nabhani"
"1710",108692,"Mohammed Al Nabhani"
"1711",108693,"Romano Tatuhey"
"1712",108694,"Jason Engelhardt"
"1713",108695,"Roman Margoulis"
"1714",108696,"Philippe Grandjean"
"1715",108697,"Mahmoud Ezz"
"1716",108698,"Slah Mbarek"
"1717",108699,"Nodar Itonishvili"
"1718",108700,"Revaz Osadze"
"1719",108701,"Juan Sebastian Cabal"
"1720",108702,"George Kallis"
"1721",108703,"Eleftherios Christou"
"1722",108704,"Konstantinos Mikos"
"1723",108705,"Anis Ghorbel"
"1724",108706,"Sulaiman Al Rawahi"
"1725",108707,"Cesar Escobar Serrano"
"1726",108709,"Dario Acosta"
"1727",108710,"Shendrit Deari"
"1728",108711,"Christopher Lawson"
"1729",108712,"Brandon Burke"
"1730",108713,"Julen Uriguen"
"1731",108714,"Christian Saravia"
"1732",108715,"Nicolas Salama"
"1733",108716,"Amaury Gomez"
"1734",108717,"Francis Casey Alcantara"
"1735",108718,"Vicente Elberto Anasta"
"1736",108719,"Nemanja Kontic"
"1737",108720,"Eddy Chala"
"1738",108721,"Philippos Tsangaridis"
"1739",108722,"Demetrios Leontis"
"1740",108723,"Alexander Tavkhelidze"
"1741",108724,"Valentin Rahmine"
"1742",108725,"Sid Ali Akkal"
"1743",108726,"Dominic Pagon"
"1744",108727,"Tyler Chin"
"1745",108728,"Cheuk Wai Hui"
"1746",108729,"Hassan Al Mousa"
"1747",108734,"Fredrik Ask"
"1748",108735,"Rares Cuzdriorean"
"1749",108736,"Sebastian Moreno"
"1750",108737,"Marco Antonio Rojas"
"1751",108738,"Claudio Dias Conduto"
"1752",108739,"Wilfredo Gonzalez"
"1753",108740,"Cyril Jacobe"
"1754",108741,"Mohd Assri Merzuki"
"1755",108742,"Siu Fai Kelvin Lam"
"1756",108743,"Rajeev Rajapakse"
"1757",108744,"Rodrigo Rappaccioli"
"1758",108745,"Gino Meeuwsen"
"1759",108746,"Austen Childs"
"1760",108747,"Dineshkanthan Thangarajah"
"1761",108748,"Lukas Mugevicius"
"1762",108749,"Sergis Kyratzis"
"1763",108750,"Adrian Forberg Skogeng"
"1764",108759,"Sami Ghorbel"
"1765",108760,"Slim Hamza"
"1766",108761,"Mikelis Libietis"
"1767",108762,"Andres Weisskopf"
"1768",108763,"Alberto Emmanuel Alvarado Larin"
"1769",108764,"Chris Brandi"
"1770",108765,"Jean Marc Bazanne"
"1771",108766,"Samir Iftikhar"
"1772",108767,"Gonzales Austin"
"1773",108768,"Gabriel Flores Ruiz"
"1774",108769,"Johann Coles"
"1775",108770,"Nicholas Sayer"
"1776",108771,"Romain Radwan"
"1777",108772,"Julius Tverijonas"
"1778",108773,"Julius Gotovskis"
"1779",108774,"Marco Aurelio Nunez"
"1780",108775,"Aymeric Mara"
"1781",108776,"Vimuktha De Alwis"
"1782",108777,"Jae Min Seol"
"1783",108778,"Christos Hadjigeorgiou"
"1784",108779,"Jacob Rasolondrazana"
"1785",108780,"Lofo Ramiaramanana"
"1786",108781,"Ando Rasolomalala"
"1787",108782,"Mahammad Abid"
"1788",108783,"Daniel Llarenas"
"1789",108784,"Kevin Kung"
"1790",108785,"Anthony Marshall"
"1791",108786,"Seanon Williams"
"1792",108787,"Carlos Taborga"
"1793",108788,"Jose Perdomo"
"1794",108789,"Rafa Orantes"
"1795",108797,"Luis Diego Nunez"
"1796",108799,"Jorge Tejada"
"1797",108812,"Jose Baires"
"1798",108889,"Marc Vilanova"
"1799",108890,"Juan Carlos Rebaza Lozano"
"1800",108891,"Jose Antonio Velazquez"
"1801",108892,"Nejc Podkrajsek"
"1802",108893,"Tarek Ben Soltane"
"1803",108894,"Pau Gerbaud Farras"
"1804",108895,"Mohammed Fawzy"
"1805",108896,"Shahzad Khan"
"1806",108897,"Inam Gul"
"1807",108898,"Christopher Eldon"
"1808",108899,"Davin Russell"
"1809",108900,"Thomas Haug"
"1810",108901,"Zibusiso Ncube"
"1811",108902,"Gwinyai Chingoka"
"1812",108903,"Laurent Hild"
"1813",108904,"Nigel Badza"
"1814",108905,"Mansur Yakhyaev"
"1815",108906,"Aziz Avganov"
"1816",108907,"Piero Demichelli"
"1817",108908,"Mario Alberto Cayo"
"1818",108909,"Jalil Khan"
"1819",108910,"Matthew Prentice"
"1820",108911,"William Ward"
"1821",108912,"Janis Skroderis"
"1822",108913,"Frederick Sundsten"
"1823",108914,"Rachid Baba Aissa"
"1824",108915,"Luis Haddock"
"1825",108916,"Ricardo Gonzalez Diaz"
"1826",108918,"Favel Antonio Freyre Perdomo"
"1827",108919,"Michael Ray Pallares Gonzalez"
"1828",108920,"Federico Rodriguez"
"1829",108921,"Mohammed Noor Noordin"
"1830",108922,"Will Farah Lebar"
"1831",108923,"Wahib Maknieh"
"1832",108924,"Jing Yi Li"
"1833",108925,"Ahmad Rabeea Muhammad"
"1834",108926,"David Kvernadze"
"1835",108927,"Edgar Hernandez Perez"
"1836",108928,"Saeid Ahmadvand"
"1837",108929,"Sergio Rojas"
"1838",108930,"Juan Carlos Ramirez"
"1839",108931,"Enzo Pigola"
"1840",108932,"Pfungwa Mahefu"
"1841",108934,"Thomas Drouet"
"1842",108935,"Marius Tangen"
"1843",108936,"Oskar Saarne"
"1844",108937,"Mikk Irdoja"
"1845",108938,"Charles Irie"
"1846",108939,"Rasid Winklaar"
"1847",108940,"David Josepa"
"1848",108941,"Damar Johnson"
"1849",108942,"Henry Estrella"
"1850",108943,"Augusto Ricciardi Castelli"
"1851",108944,"Stanislav Bykov"
"1852",108945,"Juan Sebastian Langton"
"1853",108946,"Brett Baudinet"
"1854",108947,"West Nott"
"1855",108948,"Alexandr Zotov"
"1856",108949,"Jose Zunino"
"1857",108950,"Juan Andres Gomez"
"1858",108951,"Leonardo Ramirez"
"1859",108952,"Jose Roberto Velasco"
"1860",108953,"Juan Lorenzo Gonzalez"
"1861",108954,"Carlos Alvarez"
"1862",108955,"Elvis Henry"
"1863",108956,"Jesus Francisco Felix"
"1864",108957,"Jorge Villanueva"
"1865",108958,"Damion Johnson"
"1866",108959,"Eldad Campbell"
"1867",108960,"Michael Lai"
"1868",108961,"Abd Hazli Bin Zainuddin"
"1869",108962,"Razlan Rawi"
"1870",108963,"Mohammed Faizal Bin Othman"
"1871",108964,"Faisal Aidil"
"1872",108966,"Igor Chaldounov"
"1873",108967,"Vitaliy Pavlov"
"1874",108968,"Jason Sankey"
"1875",108969,"Antoine Breikeh"
"1876",108970,"John El Khoury"
"1877",108971,"Georgio Bedran"
"1878",108972,"Ibrahim Abou Chahine"
"1879",108973,"Carl Sundberg"
"1880",108974,"Christopher Koutrouzas"
"1881",108975,"Petros Baghdatis"
"1882",108976,"George Chantouria"
"1883",108977,"George Khrikadze"
"1884",108978,"Nick Van Rosberg"
"1885",108979,"Benito Jose Suriano"
"1886",108980,"Luis Delgado"
"1887",108981,"Luis Javier Cuellar Contreras"
"1888",108982,"Yasir Khan"
"1889",108983,"Ali Ismaeel"
"1890",108984,"Henry So"
"1891",108985,"Ali Ghareeb"
"1892",108986,"Gilbert Wong"
"1893",108987,"Rihards Emulins"
"1894",108988,"Mohamed Redha Ouahab"
"1895",108993,"Abdulla Hajji"
"1896",108996,"Mahmoud Nader Al Baloushi"
"1897",108997,"Clint Bowles"
"1898",109257,"Ignaci Roca"
"1899",109336,"Ayoub Chakrouni"
"1900",109520,"Herkko Pollanen"
"1901",109529,"Quang Huy Ngo"
"1902",109698,"Christoffer Konigsfeldt"
"1903",109737,"Markos Kalovelonis"
"1904",109739,"Maximilian Marterer"
"1905",110476,"Mousa Shanan Zayed"
"1906",110536,"Kevin King"
"1907",110596,"Fred Simonsson"
"1908",110602,"Dennis Novak"
"1909",110636,"Clay Thompson"
"1910",110685,"Gd Jones"
"1911",110686,"Finn Tearney"
"1912",110748,"Nikola Milojevic"
"1913",110754,"David Vega Hernandez"
"1914",110781,"Vasilly Kazhera"
"1915",111153,"Christopher Eubanks"
"1916",111156,"Nathan Pasha"
"1917",111167,"Ugo Nastasi"
"1918",111181,"Pruchya Isarow"
"1919",111186,"Syed Mohd Agil Syed Naguib"
"1920",111190,"Zhizhen Zhang"
"1921",111192,"Lucas Miedler"
"1922",111200,"Elias Ymer"
"1923",111202,"Hyeon Chung"
"1924",111426,"John Morrissey"
"1925",111442,"Jordan Thompson"
"1926",111444,"Karim Hossam"
"1927",111453,"Mikael Torpegaard"
"1928",111456,"Mackenzie Mcdonald"
"1929",111460,"Quentin Halys"
"1930",111506,"Maxime Hamou"
"1931",111511,"Noah Rubin"
"1932",111513,"Laslo Djere"
"1933",111575,"Karen Khachanov"
"1934",111576,"Sumit Nagal"
"1935",111577,"Jared Donaldson"
"1936",111578,"Stefan Kozlov"
"1937",111581,"Michael Mmoh"
"1938",111751,"Andres Bucaro"
"1939",111761,"Benjamin Lock"
"1940",111781,"Janis Podzus"
"1941",111790,"Brayden Schnur"
"1942",111794,"Kamil Majchrzak"
"1943",111797,"Nicolas Jarry"
"1944",111805,"Seong Chan Hong"
"1945",117348,"Y WANG"
"1946",117349,"F EGYIR"
"1947",117352,"Oliver Anderson"
"1948",117353,"Duck Hee Lee"
"1949",117356,"Cem Ilkel"
"1950",117357,"Omar Jasika"
"1951",117361,"Akira Santillan"
"1952",117365,"Petros Chrysochos"
"1953",118053,"Ognian Kolev"
"1954",118591,"Russell Moseley"
"1955",119506,"Jean Segodo"
"1956",119511,"Loic Didavi"
"1957",120401,"Tucker Vorster"
"1958",120424,"Yannick Maden"
"1959",120792,"M Abid Ali Khan Akbar"
"1960",120798,"Hans Hach Verdugo"
"1961",121331,"Pablo Nunez"
"1962",121366,"Abdulhamid Mubarak"
"1963",121648,"Tunde Segodo"
"1964",121896,"Gabor Borsos"
"1965",121908,"Naser Al Obaidly"
"1966",121971,"Duilio Vallebuona"
"1967",122047,"Luciano Ramazzini"
"1968",122082,"Francisco Yim Kim"
"1969",122109,"Sanjar Fayziev"
"1970",122260,"Jaan Kononov"
"1971",122261,"Marek Marksoo"
"1972",122279,"Romain Bogaerts"
"1973",122321,"Marat Deviatiarov"
"1974",122330,"Alexander Bublik"
"1975",122471,"Danylo Kalenichenko"
"1976",122513,"Andrei Soltoianu"
"1977",122533,"Nam Hoang Ly"
"1978",122548,"Edan Leshem"
"1979",122570,"Mubarak Al Harrasi"
"1980",122635,"Alexander Merino"
"1981",122669,"Juan Pablo Varillas Patino Samudio"
"1982",122687,"Rodrigo Senattore"
"1983",123315,"Nicholas Campbell"
"1984",123755,"Daniel Elahi Galan Riveros"
"1985",123768,"Collin Altamirano"
"1986",123773,"Giorgi Javakhishvili"
"1987",123795,"Altug Celikbilek"
"1988",123814,"Markus Kerner"
"1989",123828,"Jan Choinski"
"1990",123915,"Arturs Lazdins"
"1991",123921,"Calvin Hemery"
"1992",123965,"Rodrigo Banzer"
"1993",123969,"Minhtuan Pham"
"1994",123983,"Nerman Fatic"
"1995",123997,"Joachim Bjerke"
"1996",124014,"Ernesto Escobedo"
"1997",124023,"Hei Yin Andrew Li"
"1998",124063,"Santiago Maresca"
"1999",124187,"Reilly Opelka"
"2000",125571,"Christian Garay"
"2001",125572,"Hillel Rousseau"
"2002",125573,"Michael Massih"
"2003",125574,"Soteris Hadjistyllis"
"2004",125781,"Rogelio Siller"
"2005",125782,"Kasparas Zemaitelis"
"2006",125783,"Magloire Yakpa"
"2007",125802,"Ilya Ivashka"
"2008",125803,"Daniel Windahl"
"2009",126094,"Andrey Rublev"
"2010",126116,"Jacob Coenraad De Klerk"
"2011",126120,"Nino Serdarusic"
"2012",126143,"Andreas Bjerrehus"
"2013",126152,"Ryan Shane"
"2014",126190,"Nicolas Alvarez"
"2015",126203,"Taylor Harry Fritz"
"2016",126204,"Gerardo Lopez Villasenor"
"2017",126205,"Tommy Paul"
"2018",126207,"Francis Tiafoe"
"2019",126209,"Peter Bertran"
"2020",126223,"Abdulhameed Alshatti"
"2021",126340,"Viktor Durasovic"
"2022",126473,"Aljaz Radinski"
"2023",126526,"Soren Hess Olesen"
"2024",126627,"Johan Nikles"
"2025",126646,"Tim Van Rijthoven"
"2026",126681,"Dawood Sayed Hashim"
"2027",126689,"Tadas Babelis"
"2028",126952,"Soon Woo Kwon"
"2029",127143,"Jirat Navasirisomboon"
"2030",127300,"Djurabek Karimov"
"2031",127326,"Ben Fatael"
"2032",127570,"Rodrigo Arus"
"2033",128034,"Hubert Hurkacz"
"2034",131951,"Daniel Cukierman"
"2035",132028,"Justin Lunn"
"2036",132040,"Philip Wilbert Major"
"2037",132283,"Lorenzo Sonego"
"2038",132566,"Dmitrii Baskov"
"2039",133301,"Giovani Samaha"
"2040",133430,"Denis Shapovalov"
"2041",134114,"Jad Ballout"
"2042",134120,"Kuan Yi Lee"
"2043",134302,"Mantas Bugailiskis"
"2044",134472,"Antoine Bellier"
"2045",134507,"Tom Diederich"
"2046",134677,"Juan Borba"
"2047",134770,"Casper Ruud"
"2048",134854,"Irakli Metreveli"
"2049",134886,"Sharmal Dissanayake"
"2050",136704,"Manuel Castellanos"
"2051",137018,"Ayed Zatar"
"2052",138846,"Hong Kit Jack Wong"
"2053",144642,"Marcelo Tomas Barrios Vera"
"2054",144707,"Mikael Ymer"
"2055",144719,"Jaume Munar"
"2056",144747,"Courtney John Lock"
"2057",144750,"Lloyd George Muirhead Harris"
"2058",144760,"Amine Ahouda"
"2059",144771,"Sebastian Quiros"
"2060",144772,"Salvador Andres Bolanos"
"2061",144773,"Jose Olivares"
"2062",144774,"William Kirkman"
"2063",144775,"Linh Giang Trinh"
"2064",144776,"Christophe Tholl"
"2065",144777,"Constantinos Ioannides"
"2066",144797,"Carl Soderlund"
"2067",144799,"Miguel Angel Este"
"2068",144813,"Benjamin Hannestad"
"2069",144814,"Eero Vasa"
"2070",144841,"Christian Sigsgaard"
"2071",144854,"Rudolfs Mednis"
"2072",144896,"Hao Sheng Koay"
"2073",144923,"Louis Wessels"
"2074",144940,"Mattias Siimar"
"2075",144949,"Menelaos Efstathiou"
"2076",145003,"Lucas Andriamasilalao"
"2077",145016,"Julian Saborio"
"2078",145022,"Nour Nehme"
"2079",145023,"Maxim Bulat"
"2080",198630,"Serge Dakessian"
"2081",198661,"Luis Felipe Noriega"
"2082",200031,"Lucas Catarina"
"2083",200045,"Anthony Susanto"
"2084",200075,"Yshai Oliel"
"2085",200080,"Puriwat Chatpatcharoen"
"2086",200247,"Alexandar Lazarov"
"2087",200270,"Alex Knaff"
"2088",200271,"Egor Matvievici"
"2089",200272,"Jean Jacques Rakotohasy"
"2090",200273,"Hady Habib"
"2091",200274,"Alex Diaz"
"2092",200282,"Alex De Minaur"
"2093",200325,"Emil Ruusuvuori"
"2094",200525,"Abdulrahman Alawadhi"
"2095",200537,"Nicolas Xiviller"
"2096",200572,"Nick Hardt"
"2097",200618,"Adam Hornby"
"2098",200619,"Sebastian Arcila"
"2099",200620,"Ignacio Garcia"
"2100",200621,"Bruno Britez"
"2101",200622,"Hernando Jose Escurra Isnardi"
"2102",202165,"Alberto Lim"
"2103",202212,"Mohamed Aziz Dougaz"
"2104",202219,"Tomas Vaise"
"2105",202316,"Dac Tien Nguyen"
"2106",202359,"Marvin Moeller"
"2107",202382,"Simen Sunde Bratholm"
